HealthTopic,Time,RegionName,Value
Syphilis,2017,Belgium,1493
Syphilis,2017,Bulgaria,516
Syphilis,2017,Cyprus,21
Syphilis,2017,Czechia,578
Syphilis,2017,Germany,7531
Syphilis,2017,Denmark,325
Syphilis,2017,Estonia,34
Syphilis,2017,Greece,395
Syphilis,2017,Spain,4941
Syphilis,2017,Finland,175
Syphilis,2017,France,1748
Syphilis,2017,Croatia,29
Syphilis,2017,Hungary,728
Syphilis,2017,Ireland,403
Syphilis,2017,Iceland,52
Syphilis,2017,Italy,1631
Syphilis,2017,Lithuania,157
Syphilis,2017,Luxembourg,31
Syphilis,2017,Latvia,139
Syphilis,2017,Malta,62
Syphilis,2017,Netherlands,1519
Syphilis,2017,Norway,223
Syphilis,2017,Poland,1593
Syphilis,2017,Portugal,105
Syphilis,2017,Romania,823
Syphilis,2017,Sweden,385
Syphilis,2017,Slovenia,48
Syphilis,2017,Slovakia,379
Syphilis,2017,United Kingdom,7798
Gonorrhoea,2017,Belgium,2271
Gonorrhoea,2017,Bulgaria,67
Gonorrhoea,2017,Cyprus,2
Gonorrhoea,2017,Czechia,1394
Gonorrhoea,2017,Denmark,1915
Gonorrhoea,2017,Estonia,56
Gonorrhoea,2017,Greece,129
Gonorrhoea,2017,Spain,8200

Gonorrhoea,2017,Finland,598
Gonorrhoea,2017,France,9177
Gonorrhoea,2017,Croatia,30
Gonorrhoea,2017,Hungary,1030
Gonorrhoea,2017,Ireland,2250
Gonorrhoea,2017,Iceland,98
Gonorrhoea,2017,Italy,850
Gonorrhoea,2017,Lithuania,70
Gonorrhoea,2017,Luxembourg,12
Gonorrhoea,2017,Latvia,181
Gonorrhoea,2017,Montenegro,4
Gonorrhoea,2017,North Macedonia,4
Gonorrhoea,2017,Malta,105
Gonorrhoea,2017,Netherlands,6794
Gonorrhoea,2017,Norway,1399
Gonorrhoea,2017,Poland,138
Gonorrhoea,2017,Portugal,474
Gonorrhoea,2017,Romania,77
Gonorrhoea,2017,Serbia,81
Gonorrhoea,2017,Sweden,2518
Gonorrhoea,2017,Slovenia,113
Gonorrhoea,2017,Slovakia,385
Gonorrhoea,2017,Turkey,131
Gonorrhoea,2017,United Kingdom,49156
Hepatitis B,2017,Austria,657
Hepatitis B,2017,Cyprus,33
Hepatitis B,2017,Czechia,226
Hepatitis B,2017,Germany,5
Hepatitis B,2017,Denmark,255
Hepatitis B,2017,Estonia,11
Hepatitis B,2017,Finland,259
Hepatitis B,2017,Croatia,4
Hepatitis B,2017,Ireland,429
Hepatitis B,2017,Iceland,61
Hepatitis B,2017,Luxembourg,1
Hepatitis B,2017,Latvia,300
Hepatitis B,2017,Malta,17
Hepatitis B,2017,Netherlands,1092
Hepatitis B,2017,Norway,458
Hepatitis B,2017,Poland,887
Hepatitis B,2017,Portugal,79
Hepatitis B,2017,Sweden,1120
Hepatitis B,2017,Slovenia,37
Hepatitis B,2017,Slovakia,90
Hepatitis B,2017,United Kingdom,9524
Hepatitis C,2017,Austria,522
Hepatitis C,2017,Cyprus,21
Hepatitis C,2017,Czechia,820
Hepatitis C,2017,Germany,1793
Hepatitis C,2017,Denmark,180
Hepatitis C,2017,Estonia,115
Hepatitis C,2017,Greece,148
Hepatitis C,2017,Spain,131
Hepatitis C,2017,Croatia,1
Hepatitis C,2017,Ireland,99
Hepatitis C,2017,Iceland,57
Hepatitis C,2017,Latvia,1652
Hepatitis C,2017,Malta,5
Hepatitis C,2017,Poland,750
Hepatitis C,2017,Portugal,141
Hepatitis C,2017,Romania,3
Hepatitis C,2017,Sweden,1185
Hepatitis C,2017,Slovenia,111
Hepatitis C,2017,Slovakia,139
Hepatitis C,2017,United Kingdom,2097
Chlamydia infection,2017,Belgium,8093
Chlamydia infection,2017,Bulgaria,230
Chlamydia infection,2017,Cyprus,1
Chlamydia infection,2017,Denmark,32932
Chlamydia infection,2017,Estonia,1132
Chlamydia infection,2017,Greece,85
Chlamydia infection,2017,Spain,9478
Chlamydia infection,2017,Finland,14462
Chlamydia infection,2017,France,17672
Chlamydia infection,2017,Croatia,194
Chlamydia infection,2017,Hungary,923
Chlamydia infection,2017,Ireland,7390
Chlamydia infection,2017,Iceland,2197
Chlamydia infection,2017,Italy,600
Chlamydia infection,2017,Lithuania,397
Chlamydia infection,2017,Luxembourg,39
Chlamydia infection,2017,Latvia,1517
Chlamydia infection,2017,Malta,293
Chlamydia infection,2017,Netherlands,21444
Chlamydia infection,2017,Norway,25130
Chlamydia infection,2017,Poland,258
Chlamydia infection,2017,Portugal,333
Chlamydia infection,2017,Romania,20
Chlamydia infection,2017,Sweden,34298
Chlamydia infection,2017,Slovenia,266
Chlamydia infection,2017,Slovakia,613
Chlamydia infection,2017,United Kingdom,230482
HIV infection,2017,Albania,94
HIV infection,2017,Austria,270
HIV infection,2017,Bosnia and Herzegovina,12
HIV infection,2017,Belgium,890
HIV infection,2017,Bulgaria,241
HIV infection,2017,Cyprus,85
HIV infection,2017,Czechia,254
HIV infection,2017,Denmark,242
HIV infection,2017,Estonia,219
HIV infection,2017,Greece,628
HIV infection,2017,Spain,3249
HIV infection,2017,Finland,158
HIV infection,2017,France,5211
HIV infection,2017,Croatia,106
HIV infection,2017,Hungary,223
HIV infection,2017,Ireland,483
HIV infection,2017,Iceland,24
HIV infection,2017,Italy,3443
HIV infection,2017,Lithuania,263
HIV infection,2017,Luxembourg,59
HIV infection,2017,Latvia,371
HIV infection,2017,Montenegro,26
HIV infection,2017,Malta,45
HIV infection,2017,Netherlands,716
HIV infection,2017,Norway,213
HIV infection,2017,Poland,1325
HIV infection,2017,Portugal,1068
HIV infection,2017,Romania,661
HIV infection,2017,Serbia,178
HIV infection,2017,Sweden,434
HIV infection,2017,Slovenia,39
HIV infection,2017,Slovakia,70
HIV infection,2017,United Kingdom,4363
HIV infection,2017,Kosovo,3
AIDS infection,2017,Albania,33
AIDS infection,2017,Austria,56
AIDS infection,2017,Bosnia and Herzegovina,4
AIDS infection,2017,Bulgaria,49
AIDS infection,2017,Cyprus,16
AIDS infection,2017,Czechia,52
AIDS infection,2017,Denmark,28
AIDS infection,2017,Estonia,20
AIDS infection,2017,Greece,112
AIDS infection,2017,Spain,406
AIDS infection,2017,Finland,18
AIDS infection,2017,France,392
AIDS infection,2017,Croatia,20
AIDS infection,2017,Hungary,52
AIDS infection,2017,Ireland,16
AIDS infection,2017,Italy,690
AIDS infection,2017,Lithuania,54
AIDS infection,2017,Luxembourg,6
AIDS infection,2017,Latvia,118
AIDS infection,2017,Montenegro,13
AIDS infection,2017,Netherlands,115
AIDS infection,2017,Norway,14
AIDS infection,2017,Poland,101
AIDS infection,2017,Portugal,234
AIDS infection,2017,Romania,283
AIDS infection,2017,Serbia,56
AIDS infection,2017,Slovenia,7
AIDS infection,2017,Slovakia,9
AIDS infection,2017,United Kingdom,262
AIDS infection,2017,Kosovo,6
Syphilis,2018,Belgium,1901
Syphilis,2018,Bulgaria,485
Syphilis,2018,Cyprus,44
Syphilis,2018,Czechia,596
Syphilis,2018,Germany,7367
Syphilis,2018,Denmark,322
Syphilis,2018,Estonia,27
Syphilis,2018,Greece,389
Syphilis,2018,Spain,4826
Syphilis,2018,Finland,181
Syphilis,2018,France,1606
Syphilis,2018,Croatia,35
Syphilis,2018,Hungary,675
Syphilis,2018,Ireland,485
Syphilis,2018,Iceland,22
Syphilis,2018,Italy,1526
Syphilis,2018,Lithuania,130
Syphilis,2018,Luxembourg,104
Syphilis,2018,Latvia,104
Syphilis,2018,Malta,85
Syphilis,2018,Netherlands,1355
Syphilis,2018,Norway,231
Syphilis,2018,Poland,1445
Syphilis,2018,Portugal,255
Syphilis,2018,Romania,638
Syphilis,2018,Sweden,479
Syphilis,2018,Slovenia,52
Syphilis,2018,Slovakia,433
Syphilis,2018,United Kingdom,8328
Gonorrhoea,2018,Albania,8
Gonorrhoea,2018,Belgium,2822
Gonorrhoea,2018,Bulgaria,39
Gonorrhoea,2018,Cyprus,3
Gonorrhoea,2018,Czechia,1428
Gonorrhoea,2018,Denmark,2197
Gonorrhoea,2018,Estonia,53
Gonorrhoea,2018,Greece,147
Gonorrhoea,2018,Spain,10505
Gonorrhoea,2018,Finland,501
Gonorrhoea,2018,France,3990
Gonorrhoea,2018,Croatia,38
Gonorrhoea,2018,Hungary,1249
Gonorrhoea,2018,Ireland,2412
Gonorrhoea,2018,Iceland,104
Gonorrhoea,2018,Italy,905
Gonorrhoea,2018,Lithuania,72
Gonorrhoea,2018,Luxembourg,15
Gonorrhoea,2018,Latvia,162
Gonorrhoea,2018,Montenegro,4
Gonorrhoea,2018,North Macedonia,1
Gonorrhoea,2018,Malta,121
Gonorrhoea,2018,Netherlands,6424
Gonorrhoea,2018,Norway,1659
Gonorrhoea,2018,Poland,185
Gonorrhoea,2018,Portugal,846
Gonorrhoea,2018,Romania,46
Gonorrhoea,2018,Serbia,71
Gonorrhoea,2018,Sweden,2717
Gonorrhoea,2018,Slovenia,157
Gonorrhoea,2018,Slovakia,285
Gonorrhoea,2018,Turkey,86
Gonorrhoea,2018,United Kingdom,61775
Gonorrhoea,2018,Kosovo,6
Hepatitis B,2018,Austria,588
Hepatitis B,2018,Cyprus,81
Hepatitis B,2018,Czechia,269
Hepatitis B,2018,Germany,38
Hepatitis B,2018,Denmark,155
Hepatitis B,2018,Estonia,15
Hepatitis B,2018,Finland,235
Hepatitis B,2018,Croatia,46
Hepatitis B,2018,Ireland,468
Hepatitis B,2018,Iceland,40
Hepatitis B,2018,Luxembourg,47
Hepatitis B,2018,Latvia,301
Hepatitis B,2018,Malta,15
Hepatitis B,2018,Netherlands,1023
Hepatitis B,2018,Norway,353
Hepatitis B,2018,Poland,819
Hepatitis B,2018,Portugal,98
Hepatitis B,2018,Romania,1
Hepatitis B,2018,Sweden,1053
Hepatitis B,2018,Slovenia,69
Hepatitis B,2018,Slovakia,85
Hepatitis B,2018,United Kingdom,6953
Hepatitis C,2018,Austria,455
Hepatitis C,2018,Cyprus,39
Hepatitis C,2018,Czechia,928
Hepatitis C,2018,Germany,2328
Hepatitis C,2018,Denmark,175
Hepatitis C,2018,Estonia,144
Hepatitis C,2018,Greece,124
Hepatitis C,2018,Spain,764
Hepatitis C,2018,Croatia,37
Hepatitis C,2018,Ireland,106
Hepatitis C,2018,Luxembourg,69
Hepatitis C,2018,Latvia,1418
Hepatitis C,2018,Poland,585
Hepatitis C,2018,Portugal,79
Hepatitis C,2018,Romania,3
Hepatitis C,2018,Sweden,1084
Hepatitis C,2018,Slovenia,108
Hepatitis C,2018,Slovakia,207
Hepatitis C,2018,United Kingdom,1490
Chlamydia infection,2018,Belgium,9294
Chlamydia infection,2018,Bulgaria,189
Chlamydia infection,2018,Cyprus,3
Chlamydia infection,2018,Denmark,33415
Chlamydia infection,2018,Estonia,1013
Chlamydia infection,2018,Greece,61
Chlamydia infection,2018,Spain,12847
Chlamydia infection,2018,Finland,14839
Chlamydia infection,2018,Croatia,213
Chlamydia infection,2018,Hungary,780
Chlamydia infection,2018,Ireland,7933
Chlamydia infection,2018,Iceland,1834
Chlamydia infection,2018,Italy,1198
Chlamydia infection,2018,Lithuania,257
Chlamydia infection,2018,Luxembourg,36
Chlamydia infection,2018,Latvia,1248
Chlamydia infection,2018,Malta,343
Chlamydia infection,2018,Netherlands,18908
Chlamydia infection,2018,Norway,26556
Chlamydia infection,2018,Poland,308
Chlamydia infection,2018,Portugal,613
Chlamydia infection,2018,Romania,9
Chlamydia infection,2018,Sweden,31815
Chlamydia infection,2018,Slovenia,332
Chlamydia infection,2018,Slovakia,526
Chlamydia infection,2018,United Kingdom,242386
HIV infection,2018,Austria,191
HIV infection,2018,Belgium,882
HIV infection,2018,Bulgaria,311
HIV infection,2018,Croatia,94
HIV infection,2018,Cyprus,78
HIV infection,2018,Czech Republic,208
HIV infection,2018,Denmark,217
HIV infection,2018,Estonia,190
HIV infection,2018,Finland,153
HIV infection,2018,France,4898
HIV infection,2018,Germany,2818
HIV infection,2018,Greece,686
HIV infection,2018,Hungary,229
HIV infection,2018,Iceland,37
HIV infection,2018,Ireland,504
HIV infection,2018,Italy,2847
HIV infection,2018,Latvia,326
HIV infection,2018,Lithuania,160
HIV infection,2018,Luxembourg,56
HIV infection,2018,Malta,73
HIV infection,2018,Netherlands,611
HIV infection,2018,Norway,191
HIV infection,2018,Poland,1165
HIV infection,2018,Portugal,973
HIV infection,2018,Romania,669
HIV infection,2018,Slovakia,101
HIV infection,2018,Slovenia,35
HIV infection,2018,Spain,2527
HIV infection,2018,Sweden,481
HIV infection,2018,United Kingdom,4453
HIV infection,2018,Albania,102
HIV infection,2018,Andorra,12
HIV infection,2018,Armenia,419
HIV infection,2018,Azerbaijan,656
HIV infection,2018,Belarus,2386
HIV infection,2018,Bosnia and Herzegovina,25
HIV infection,2018,Georgia,672
HIV infection,2018,Israel,447
HIV infection,2018,Kazakhstan,3216
HIV infection,2018,Kyrgyzstan,876
HIV infection,2018,Moldova,905
HIV infection,2018,Montenegro,23
HIV infection,2018,North Macedonia,45
HIV infection,2018,San Marino,3
HIV infection,2018,Serbia,186
HIV infection,2018,Serbia excluding Kosovo,178
HIV infection,2018,Kosovo,8
HIV infection,2018,Switzerland,423
HIV infection,2018,Turkey,3248
HIV infection,2018,Ukraine,15749
AIDS infection,2018,Austria,50
AIDS infection,2018,Belgium,49
AIDS infection,2018,Bulgaria,57
AIDS infection,2018,Croatia,29
AIDS infection,2018,Cyprus,10
AIDS infection,2018,Czech Republic,38
AIDS infection,2018,Denmark,26
AIDS infection,2018,Estonia,25
AIDS infection,2018,Finland,21
AIDS infection,2018,France,422
AIDS infection,2018,Germany,146
AIDS infection,2018,Greece,101
AIDS infection,2018,Hungary,57
AIDS infection,2018,Iceland,1
AIDS infection,2018,Ireland,10
AIDS infection,2018,Italy,661
AIDS infection,2018,Latvia,99
AIDS infection,2018,Lithuania,37
AIDS infection,2018,Luxembourg,4
AIDS infection,2018,Netherlands,119
AIDS infection,2018,Norway,12
AIDS infection,2018,Poland,101
AIDS infection,2018,Portugal,227
AIDS infection,2018,Romania,290
AIDS infection,2018,Slovakia,11
AIDS infection,2018,Slovenia,10
AIDS infection,2018,Spain,367
AIDS infection,2018,United Kingdom,255
AIDS infection,2018,Albania,47
AIDS infection,2018,Armenia,211
AIDS infection,2018,Azerbaijan,182
AIDS infection,2018,Belarus,382
AIDS infection,2018,Bosnia and Herzegovina,11
AIDS infection,2018,Georgia,196
AIDS infection,2018,Israel,31
AIDS infection,2018,Kazakhstan,430
AIDS infection,2018,Kyrgyzstan,56
AIDS infection,2018,Moldova,364
AIDS infection,2018,Montenegro,14
AIDS infection,2018,North Macedonia,4
AIDS infection,2018,Serbia excluding Kosovo,62
AIDS infection,2018,Kosovo,8
AIDS infection,2018,Switzerland,47
AIDS infection,2018,Turkey,108
AIDS infection,2018,Ukraine,8839
Syphilis,2019,Belgium,1670
Syphilis,2019,Bulgaria,480
Syphilis,2019,Cyprus,31
Syphilis,2019,Czechia,630
Syphilis,2019,Germany,7928
Syphilis,2019,Denmark,361
Syphilis,2019,Estonia,37
Syphilis,2019,Greece,443
Syphilis,2019,Spain,4880
Syphilis,2019,Finland,251
Syphilis,2019,France,1080
Syphilis,2019,Croatia,28
Syphilis,2019,Hungary,788
Syphilis,2019,Ireland,745
Syphilis,2019,Iceland,38
Syphilis,2019,Italy,1826
Syphilis,2019,Lithuania,117
Syphilis,2019,Luxembourg,51
Syphilis,2019,Latvia,75
Syphilis,2019,Malta,95
Syphilis,2019,Netherlands,1474
Syphilis,2019,Norway,205
Syphilis,2019,Poland,1627
Syphilis,2019,Portugal,480
Syphilis,2019,Romania,539
Syphilis,2019,Sweden,431
Syphilis,2019,Slovenia,54
Syphilis,2019,Slovakia,278
Syphilis,2019,United Kingdom,8738
Gonorrhoea,2019,Belgium,2635
Gonorrhoea,2019,Bulgaria,22
Gonorrhoea,2019,Cyprus,2
Gonorrhoea,2019,Czechia,1642
Gonorrhoea,2019,Denmark,2210
Gonorrhoea,2019,Estonia,78
Gonorrhoea,2019,Greece,201
Gonorrhoea,2019,Spain,10226
Gonorrhoea,2019,Finland,605
Gonorrhoea,2019,France,3611
Gonorrhoea,2019,Croatia,40
Gonorrhoea,2019,Hungary,1348
Gonorrhoea,2019,Ireland,2811
Gonorrhoea,2019,Iceland,122
Gonorrhoea,2019,Italy,813
Gonorrhoea,2019,Lithuania,56
Gonorrhoea,2019,Luxembourg,24
Gonorrhoea,2019,Latvia,132
Gonorrhoea,2019,Montenegro,3
Gonorrhoea,2019,North Macedonia,14
Gonorrhoea,2019,Malta,161
Gonorrhoea,2019,Netherlands,6917
Gonorrhoea,2019,Norway,1704
Gonorrhoea,2019,Poland,281
Gonorrhoea,2019,Portugal,1128
Gonorrhoea,2019,Romania,33
Gonorrhoea,2019,Serbia,107
Gonorrhoea,2019,Sweden,3245
Gonorrhoea,2019,Slovenia,223
Gonorrhoea,2019,Slovakia,369
Gonorrhoea,2019,United Kingdom,77346
Gonorrhoea,2019,Kosovo,21
Hepatitis B,2019,Austria,476
Hepatitis B,2019,Cyprus,108
Hepatitis B,2019,Czechia,276
Hepatitis B,2019,Germany,4298
Hepatitis B,2019,Denmark,164
Hepatitis B,2019,Estonia,15
Hepatitis B,2019,Finland,233
Hepatitis B,2019,Croatia,40
Hepatitis B,2019,Ireland,427
Hepatitis B,2019,Iceland,47
Hepatitis B,2019,Luxembourg,52
Hepatitis B,2019,Latvia,266
Hepatitis B,2019,Netherlands,1041
Hepatitis B,2019,Norway,370
Hepatitis B,2019,Poland,669
Hepatitis B,2019,Portugal,58
Hepatitis B,2019,Romania,9
Hepatitis B,2019,Sweden,1037
Hepatitis B,2019,Slovenia,51
Hepatitis B,2019,Slovakia,92
Hepatitis B,2019,United Kingdom,4873
Hepatitis C,2019,Austria,381
Hepatitis C,2019,Cyprus,27
Hepatitis C,2019,Czechia,1035
Hepatitis C,2019,Germany,2307
Hepatitis C,2019,Denmark,111
Hepatitis C,2019,Estonia,133
Hepatitis C,2019,Greece,22
Hepatitis C,2019,Spain,741
Hepatitis C,2019,Croatia,89
Hepatitis C,2019,Ireland,94
Hepatitis C,2019,Latvia,1336
Hepatitis C,2019,Poland,501
Hepatitis C,2019,Portugal,71
Hepatitis C,2019,Romania,4
Hepatitis C,2019,Sweden,916
Hepatitis C,2019,Slovenia,66
Hepatitis C,2019,Slovakia,220
Hepatitis C,2019,United Kingdom,851
Chlamydia infection,2019,Belgium,8288
Chlamydia infection,2019,Bulgaria,121
Chlamydia infection,2019,Cyprus,1
Chlamydia infection,2019,Denmark,35680
Chlamydia infection,2019,Estonia,1064
Chlamydia infection,2019,Greece,62
Chlamydia infection,2019,Spain,15612
Chlamydia infection,2019,Finland,16181
Chlamydia infection,2019,Croatia,150
Chlamydia infection,2019,Hungary,913
Chlamydia infection,2019,Ireland,9208
Chlamydia infection,2019,Iceland,1795
Chlamydia infection,2019,Italy,1109
Chlamydia infection,2019,Lithuania,248
Chlamydia infection,2019,Luxembourg,44
Chlamydia infection,2019,Latvia,1253
Chlamydia infection,2019,Malta,320
Chlamydia infection,2019,Netherlands,18148
Chlamydia infection,2019,Norway,28446
Chlamydia infection,2019,Poland,418
Chlamydia infection,2019,Portugal,787
Chlamydia infection,2019,Romania,14
Chlamydia infection,2019,Sweden,34784
Chlamydia infection,2019,Slovenia,397
Chlamydia infection,2019,Slovakia,780
Chlamydia infection,2019,United Kingdom,258904
HIV infection,2019,Austria,225
HIV infection,2019,Bulgaria,258
HIV infection,2019,Croatia,102
HIV infection,2019,Cyprus,100
HIV infection,2019,Czechia,222
HIV infection,2019,Denmark,190
HIV infection,2019,Estonia,178
HIV infection,2019,Finland,149
HIV infection,2019,France,4923
HIV infection,2019,Germany,3093
HIV infection,2019,Greece,603
HIV infection,2019,Hungary,238
HIV infection,2019,Iceland,28
HIV infection,2019,Ireland,533
HIV infection,2019,Italy,2531
HIV infection,2019,Latvia,295
HIV infection,2019,Lithuania,151
HIV infection,2019,Luxembourg,48
HIV infection,2019,Malta,80
HIV infection,2019,Netherlands,563
HIV infection,2019,Norway,172
HIV infection,2019,Poland,1468
HIV infection,2019,Portugal,778
HIV infection,2019,Romania,690
HIV infection,2019,Slovakia,101
HIV infection,2019,Slovenia,34
HIV infection,2019,Spain,2483
HIV infection,2019,Sweden,449
HIV infection,2019,United Kingdom,4116
HIV infection,2019,Albania,101
HIV infection,2019,Armenia,446
HIV infection,2019,Azerbaijan,721
HIV infection,2019,Belarus,2137
HIV infection,2019,Bosnia and Herzegovina,30
HIV infection,2019,Georgia,668
HIV infection,2019,Israel,408
HIV infection,2019,Kazakhstan,3673
HIV infection,2019,Kyrgyzstan,850
HIV infection,2019,Montenegro,26
HIV infection,2019,Moldova,922
HIV infection,2019,Russia,80124
HIV infection,2019,Serbia,215
HIV infection,2019,Serbia excluding Kosovo,210
HIV infection,2019,Kosovo,5
HIV infection,2019,Switzerland,421
HIV infection,2019,Tajikistan,1320
HIV infection,2019,Turkey,3229
HIV infection,2019,Ukraine,16357
AIDS infection,2019,Austria,56
AIDS infection,2019,Bulgaria,68
AIDS infection,2019,Croatia,20
AIDS infection,2019,Cyprus,3
AIDS infection,2019,Czechia,38
AIDS infection,2019,Denmark,22
AIDS infection,2019,Estonia,28
AIDS infection,2019,Finland,18
AIDS infection,2019,France,430
AIDS infection,2019,Germany,74
AIDS infection,2019,Greece,86
AIDS infection,2019,Hungary,53
AIDS infection,2019,Iceland,4
AIDS infection,2019,Ireland,6
AIDS infection,2019,Italy,571
AIDS infection,2019,Latvia,90
AIDS infection,2019,Lithuania,21
AIDS infection,2019,Luxembourg,3
AIDS infection,2019,Netherlands,93
AIDS infection,2019,Norway,19
AIDS infection,2019,Poland,85
AIDS infection,2019,Portugal,172
AIDS infection,2019,Romania,282
AIDS infection,2019,Slovakia,3
AIDS infection,2019,Slovenia,7
AIDS infection,2019,Spain,251
AIDS infection,2019,United Kingdom,269
AIDS infection,2019,Albania,40
AIDS infection,2019,Armenia,173
AIDS infection,2019,Azerbaijan,196
AIDS infection,2019,Belarus,380
AIDS infection,2019,Bosnia and Herzegovina,8
AIDS infection,2019,Georgia,265
AIDS infection,2019,Israel,23
AIDS infection,2019,Kazakhstan,441
AIDS infection,2019,Kyrgyzstan,46
AIDS infection,2019,Montenegro,10
AIDS infection,2019,Moldova,285
AIDS infection,2019,Serbia excluding Kosovo,68
AIDS infection,2019,Kosovo,5
AIDS infection,2019,Switzerland,59
AIDS infection,2019,Tajikistan,141
AIDS infection,2019,Turkey,112
AIDS infection,2019,Ukraine,7511
Syphilis,2020,Belgium,1407
Syphilis,2020,Bulgaria,319
Syphilis,2020,Cyprus,43
Syphilis,2020,Czechia,716
Syphilis,2020,Germany,7404
Syphilis,2020,Denmark,445
Syphilis,2020,Estonia,33
Syphilis,2020,Greece,401
Syphilis,2020,Spain,4531
Syphilis,2020,Finland,207
Syphilis,2020,France,982
Syphilis,2020,Croatia,22
Syphilis,2020,Hungary,774
Syphilis,2020,Ireland,581
Syphilis,2020,Iceland,31
Syphilis,2020,Italy,843
Syphilis,2020,Liechtenstein,4
Syphilis,2020,Lithuania,54
Syphilis,2020,Luxembourg,199
Syphilis,2020,Latvia,68
Syphilis,2020,Malta,85
Syphilis,2020,Netherlands,1526
Syphilis,2020,Norway,287
Syphilis,2020,Poland,711
Syphilis,2020,Portugal,869
Syphilis,2020,Romania,296
Syphilis,2020,Sweden,473
Syphilis,2020,Slovenia,31
Syphilis,2020,Slovakia,160
Gonorrhoea,2020,Belgium,1707
Gonorrhoea,2020,Bulgaria,17
Gonorrhoea,2020,Cyprus,7
Gonorrhoea,2020,Czechia,1672
Gonorrhoea,2020,Denmark,2669
Gonorrhoea,2020,Estonia,22
Gonorrhoea,2020,Greece,161
Gonorrhoea,2020,Spain,10306
Gonorrhoea,2020,Finland,482
Gonorrhoea,2020,France,5398
Gonorrhoea,2020,Croatia,13
Gonorrhoea,2020,Hungary,1261
Gonorrhoea,2020,Ireland,2061
Gonorrhoea,2020,Iceland,93
Gonorrhoea,2020,Italy,333
Gonorrhoea,2020,Liechtenstein,4
Gonorrhoea,2020,Lithuania,31
Gonorrhoea,2020,Luxembourg,311
Gonorrhoea,2020,Latvia,109
Gonorrhoea,2020,North Macedonia,23
Gonorrhoea,2020,Malta,94
Gonorrhoea,2020,Netherlands,6826
Gonorrhoea,2020,Norway,1045
Gonorrhoea,2020,Poland,246
Gonorrhoea,2020,Portugal,1068
Gonorrhoea,2020,Romania,10
Gonorrhoea,2020,Serbia,54
Gonorrhoea,2020,Sweden,2692
Gonorrhoea,2020,Slovenia,213
Gonorrhoea,2020,Slovakia,319
Gonorrhoea,2020,Kosovo,3
Hepatitis B,2020,Austria,379
Hepatitis B,2020,Cyprus,30
Hepatitis B,2020,Czechia,143
Hepatitis B,2020,Germany,3170
Hepatitis B,2020,Denmark,136
Hepatitis B,2020,Estonia,21
Hepatitis B,2020,Greece,5
Hepatitis B,2020,Finland,162
Hepatitis B,2020,Croatia,7
Hepatitis B,2020,Ireland,254
Hepatitis B,2020,Iceland,32
Hepatitis B,2020,Lithuania,15
Hepatitis B,2020,Latvia,210
Hepatitis B,2020,Netherlands,695
Hepatitis B,2020,Norway,221
Hepatitis B,2020,Poland,156
Hepatitis B,2020,Portugal,46
Hepatitis B,2020,Sweden,679
Hepatitis B,2020,Slovenia,26
Hepatitis B,2020,Slovakia,71
Hepatitis C,2020,Austria,257
Hepatitis C,2020,Cyprus,8
Hepatitis C,2020,Czechia,683
Hepatitis C,2020,Germany,1561
Hepatitis C,2020,Denmark,158
Hepatitis C,2020,Estonia,123
Hepatitis C,2020,Greece,19
Hepatitis C,2020,Spain,391
Hepatitis C,2020,Croatia,41
Hepatitis C,2020,Ireland,25
Hepatitis C,2020,Lithuania,65
Hepatitis C,2020,Latvia,1038
Hepatitis C,2020,Poland,102
Hepatitis C,2020,Portugal,41
Hepatitis C,2020,Sweden,672
Hepatitis C,2020,Slovenia,44
Hepatitis C,2020,Slovakia,188
Chlamydia infection,2020,Belgium,5692
Chlamydia infection,2020,Bulgaria,50
Chlamydia infection,2020,Cyprus,4
Chlamydia infection,2020,Denmark,34681
Chlamydia infection,2020,Estonia,942
Chlamydia infection,2020,Greece,66
Chlamydia infection,2020,Spain,15254
Chlamydia infection,2020,Finland,16280
Chlamydia infection,2020,Croatia,121
Chlamydia infection,2020,Hungary,624
Chlamydia infection,2020,Ireland,6901
Chlamydia infection,2020,Iceland,1788
Chlamydia infection,2020,Italy,602
Chlamydia infection,2020,Liechtenstein,30
Chlamydia infection,2020,Lithuania,174
Chlamydia infection,2020,Luxembourg,1003
Chlamydia infection,2020,Latvia,1202
Chlamydia infection,2020,Malta,235
Chlamydia infection,2020,Netherlands,16109
Chlamydia infection,2020,Norway,25444
Chlamydia infection,2020,Poland,167
Chlamydia infection,2020,Portugal,765
Chlamydia infection,2020,Romania,5
Chlamydia infection,2020,Sweden,32890
Chlamydia infection,2020,Slovenia,280
Chlamydia infection,2020,Slovakia,682
HIV infection,2020,Austria,155
HIV infection,2020,Belgium,727
HIV infection,2020,Bulgaria,199
HIV infection,2020,Croatia,76
HIV infection,2020,Cyprus,105
HIV infection,2020,Czech Republic,251
HIV infection,2020,Denmark,161
HIV infection,2020,Estonia,143
HIV infection,2020,Finland,136
HIV infection,2020,France,3443
HIV infection,2020,Germany,2454
HIV infection,2020,Greece,601
HIV infection,2020,Hungary,201
HIV infection,2020,Iceland,34
HIV infection,2020,Ireland,429
HIV infection,2020,Italy,1303
HIV infection,2020,Latvia,257
HIV infection,2020,Lithuania,108
HIV infection,2020,Luxembourg,44
HIV infection,2020,Malta,82
HIV infection,2020,Netherlands,396
HIV infection,2020,Norway,137
HIV infection,2020,Poland,709
HIV infection,2020,Romania,447
HIV infection,2020,Slovakia,102
HIV infection,2020,Slovenia,27
HIV infection,2020,Spain,1884
HIV infection,2020,Sweden,360
HIV infection,2020,Albania,96
HIV infection,2020,Armenia,369
HIV infection,2020,Azerbaijan,559
HIV infection,2020,Belarus,1427
HIV infection,2020,Georgia,530
HIV infection,2020,Israel,363
HIV infection,2020,Kazakhstan,3472
HIV infection,2020,Kyrgyzstan,676
HIV infection,2020,Moldova,675
HIV infection,2020,Montenegro,15
HIV infection,2020,Russia,59598
HIV infection,2020,Serbia,123
HIV infection,2020,Serbia excluding Kosovo,121
HIV infection,2020,Kosovo,2
HIV infection,2020,Switzerland,288
HIV infection,2020,Tajikistan,1084
HIV infection,2020,Turkey,2076
HIV infection,2020,Ukraine,15658
HIV infection,2020,United Kingdom,2785
AIDS infection,2020,Austria,43
AIDS infection,2020,Belgium,40
AIDS infection,2020,Bulgaria,43
AIDS infection,2020,Croatia,12
AIDS infection,2020,Cyprus,18
AIDS infection,2020,Czech Republic,43
AIDS infection,2020,Denmark,25
AIDS infection,2020,Estonia,23
AIDS infection,2020,Finland,12
AIDS infection,2020,France,388
AIDS infection,2020,Greece,100
AIDS infection,2020,Hungary,42
AIDS infection,2020,Iceland,2
AIDS infection,2020,Ireland,6
AIDS infection,2020,Italy,352
AIDS infection,2020,Latvia,55
AIDS infection,2020,Lithuania,15
AIDS infection,2020,Luxembourg,5
AIDS infection,2020,Netherlands,115
AIDS infection,2020,Norway,11
AIDS infection,2020,Poland,34
AIDS infection,2020,Romania,166
AIDS infection,2020,Slovakia,4
AIDS infection,2020,Slovenia,6
AIDS infection,2020,Spain,200
AIDS infection,2020,Albania,15
AIDS infection,2020,Armenia,152
AIDS infection,2020,Azerbaijan,105
AIDS infection,2020,Belarus,220
AIDS infection,2020,Georgia,181
AIDS infection,2020,Israel,29
AIDS infection,2020,Kazakhstan,469
AIDS infection,2020,Kyrgyzstan,46
AIDS infection,2020,Moldova,194
AIDS infection,2020,Montenegro,4
AIDS infection,2020,Serbia excluding Kosovo,32
AIDS infection,2020,Kosovo,2
AIDS infection,2020,Switzerland,33
AIDS infection,2020,Tajikistan,106
AIDS infection,2020,Turkey,46
AIDS infection,2020,Ukraine,4139
AIDS infection,2020,United Kingdom,188
Syphilis,2021,Belgium,2113
Syphilis,2021,Bulgaria,271
Syphilis,2021,Cyprus,92
Syphilis,2021,Czechia,758
Syphilis,2021,Germany,6744
Syphilis,2021,Denmark,638
Syphilis,2021,Estonia,31
Syphilis,2021,Greece,654
Syphilis,2021,Spain,5277
Syphilis,2021,Finland,168
Syphilis,2021,France,1285
Syphilis,2021,Croatia,35
Syphilis,2021,Hungary,764
Syphilis,2021,Ireland,718
Syphilis,2021,Iceland,50
Syphilis,2021,Italy,1614
Syphilis,2021,Liechtenstein,1
Syphilis,2021,Lithuania,117
Syphilis,2021,Luxembourg,185
Syphilis,2021,Latvia,48
Syphilis,2021,Malta,166
Syphilis,2021,Netherlands,1684
Syphilis,2021,Norway,163
Syphilis,2021,Poland,1127
Syphilis,2021,Portugal,1144
Syphilis,2021,Romania,318
Syphilis,2021,Sweden,583
Syphilis,2021,Slovenia,37
Syphilis,2021,Slovakia,289
Gonorrhoea,2021,Belgium,3964
Gonorrhoea,2021,Bulgaria,3
Gonorrhoea,2021,Cyprus,5
Gonorrhoea,2021,Czechia,1829
Gonorrhoea,2021,Denmark,2818
Gonorrhoea,2021,Estonia,54
Gonorrhoea,2021,Greece,246
Gonorrhoea,2021,Spain,14610
Gonorrhoea,2021,Finland,510
Gonorrhoea,2021,France,7077
Gonorrhoea,2021,Croatia,17
Gonorrhoea,2021,Hungary,1309
Gonorrhoea,2021,Ireland,2348
Gonorrhoea,2021,Iceland,105
Gonorrhoea,2021,Italy,849
Gonorrhoea,2021,Liechtenstein,5
Gonorrhoea,2021,Lithuania,30
Gonorrhoea,2021,Luxembourg,417
Gonorrhoea,2021,Latvia,70
Gonorrhoea,2021,North Macedonia,11
Gonorrhoea,2021,Malta,240
Gonorrhoea,2021,Netherlands,7966
Gonorrhoea,2021,Norway,555
Gonorrhoea,2021,Poland,287
Gonorrhoea,2021,Portugal,1252
Gonorrhoea,2021,Romania,22
Gonorrhoea,2021,Serbia,106
Gonorrhoea,2021,Sweden,2693
Gonorrhoea,2021,Slovenia,292
Gonorrhoea,2021,Slovakia,414
Hepatitis B,2021,Austria,376
Hepatitis B,2021,Cyprus,17
Hepatitis B,2021,Czechia,151
Hepatitis B,2021,Germany,3917
Hepatitis B,2021,Denmark,118
Hepatitis B,2021,Estonia,20
Hepatitis B,2021,Greece,155
Hepatitis B,2021,Finland,195
Hepatitis B,2021,Croatia,5
Hepatitis B,2021,Ireland,355
Hepatitis B,2021,Iceland,30
Hepatitis B,2021,Liechtenstein,2
Hepatitis B,2021,Lithuania,18
Hepatitis B,2021,Latvia,211
Hepatitis B,2021,Netherlands,734
Hepatitis B,2021,Norway,253
Hepatitis B,2021,Portugal,66
Hepatitis B,2021,Sweden,645
Hepatitis B,2021,Slovenia,32
Hepatitis B,2021,Slovakia,67
Hepatitis C,2021,Austria,241
Hepatitis C,2021,Cyprus,7
Hepatitis C,2021,Czechia,666
Hepatitis C,2021,Germany,1720
Hepatitis C,2021,Denmark,145
Hepatitis C,2021,Estonia,129
Hepatitis C,2021,Greece,43
Hepatitis C,2021,Spain,546
Hepatitis C,2021,Croatia,45
Hepatitis C,2021,Ireland,45
Hepatitis C,2021,Lithuania,57
Hepatitis C,2021,Latvia,925
Hepatitis C,2021,Portugal,58
Hepatitis C,2021,Sweden,675
Hepatitis C,2021,Slovenia,28
Hepatitis C,2021,Slovakia,173
Chlamydia infection,2021,Belgium,9381
Chlamydia infection,2021,Bulgaria,31
Chlamydia infection,2021,Cyprus,5
Chlamydia infection,2021,Denmark,36632
Chlamydia infection,2021,Estonia,977
Chlamydia infection,2021,Greece,45
Chlamydia infection,2021,Spain,20603
Chlamydia infection,2021,Finland,16789
Chlamydia infection,2021,France,12665
Chlamydia infection,2021,Croatia,115
Chlamydia infection,2021,Hungary,640
Chlamydia infection,2021,Ireland,8322
Chlamydia infection,2021,Iceland,1807
Chlamydia infection,2021,Italy,1243
Chlamydia infection,2021,Liechtenstein,33
Chlamydia infection,2021,Lithuania,228
Chlamydia infection,2021,Luxembourg,1136
Chlamydia infection,2021,Latvia,998
Chlamydia infection,2021,Malta,362
Chlamydia infection,2021,Netherlands,20484
Chlamydia infection,2021,Norway,23447
Chlamydia infection,2021,Poland,283
Chlamydia infection,2021,Portugal,914
Chlamydia infection,2021,Romania,4
Chlamydia infection,2021,Sweden,30171
Chlamydia infection,2021,Slovenia,369
Chlamydia infection,2021,Slovakia,888
HIV infection,2021,Austria,175
HIV infection,2021,Belgium,781
HIV infection,2021,Bulgaria,238
HIV infection,2021,Croatia,77
HIV infection,2021,Cyprus,148
HIV infection,2021,Czechia,233
HIV infection,2021,Denmark,137
HIV infection,2021,Estonia,125
HIV infection,2021,Finland,163
HIV infection,2021,France,3513
HIV infection,2021,Germany,2234
HIV infection,2021,Greece,526
HIV infection,2021,Hungary,223
HIV infection,2021,Iceland,20
HIV infection,2021,Ireland,403
HIV infection,2021,Italy,1770
HIV infection,2021,Latvia,212
HIV infection,2021,Liechtenstein,1
HIV infection,2021,Lithuania,110
HIV infection,2021,Luxembourg,54
HIV infection,2021,Malta,45
HIV infection,2021,Netherlands,396
HIV infection,2021,Norway,102
HIV infection,2021,Poland,1096
HIV infection,2021,Romania,560
HIV infection,2021,Slovakia,113
HIV infection,2021,Slovenia,32
HIV infection,2021,Spain,2785
HIV infection,2021,Sweden,352
HIV infection,2021,Albania,104
HIV infection,2021,Armenia,425
HIV infection,2021,Azerbaijan,690
HIV infection,2021,Belarus,1496
HIV infection,2021,Georgia,530
HIV infection,2021,Israel,404
HIV infection,2021,Kazakhstan,3591
HIV infection,2021,Kyrgyzstan,845
HIV infection,2021,Montenegro,13
HIV infection,2021,Moldova,792
HIV infection,2021,Russia,58340
HIV infection,2021,Serbia,181
HIV infection,2021,Serbia excluding Kosovo,172
HIV infection,2021,Kosovo,9
HIV infection,2021,Switzerland,315
HIV infection,2021,Tajikistan,922
HIV infection,2021,Turkey,2922
HIV infection,2021,Ukraine,15360
HIV infection,2021,United Kingdom,2955
AIDS infection,2021,Austria,53
AIDS infection,2021,Belgium,61
AIDS infection,2021,Bulgaria,38
AIDS infection,2021,Croatia,23
AIDS infection,2021,Cyprus,36
AIDS infection,2021,Czechia,54
AIDS infection,2021,Denmark,17
AIDS infection,2021,Estonia,12
AIDS infection,2021,Finland,16
AIDS infection,2021,France,417
AIDS infection,2021,Greece,81
AIDS infection,2021,Hungary,48
AIDS infection,2021,Iceland,2
AIDS infection,2021,Ireland,10
AIDS infection,2021,Italy,382
AIDS infection,2021,Latvia,39
AIDS infection,2021,Lithuania,38
AIDS infection,2021,Luxembourg,10
AIDS infection,2021,Netherlands,107
AIDS infection,2021,Norway,23
AIDS infection,2021,Poland,44
AIDS infection,2021,Romania,191
AIDS infection,2021,Slovakia,3
AIDS infection,2021,Slovenia,5
AIDS infection,2021,Spain,185
AIDS infection,2021,Albania,44
AIDS infection,2021,Armenia,197
AIDS infection,2021,Azerbaijan,109
AIDS infection,2021,Belarus,286
AIDS infection,2021,Georgia,217
AIDS infection,2021,Israel,32
AIDS infection,2021,Kazakhstan,468
AIDS infection,2021,Kyrgyzstan,110
AIDS infection,2021,Montenegro,8
AIDS infection,2021,Moldova,199
AIDS infection,2021,Serbia excluding Kosovo,49
AIDS infection,2021,Kosovo,3
AIDS infection,2021,Switzerland,34
AIDS infection,2021,Tajikistan,127
AIDS infection,2021,Turkey,80
AIDS infection,2021,Ukraine,4151
AIDS infection,2021,United Kingdom,185
